id,task_id,user_id,x,y,rad
7,1,2,0.587743149968626,0.648609077598829,0.04
8,1,2,0.644216691068814,0.320225894164401,0.04