id,task_id,user_id,x,y,rad
49,1,9,0.296130952380952,0.316964285714286,0.04
50,1,9,0.645833333333333,0.339285714285714,0.04