id,task_id,user_id,x,y,rad
37,1,7,0.336767645701984,0.750884207288944,0.04
38,1,7,0.713516838382285,0.301860679686299,0.04