id,task_id,user_id,x,y,rad
55,1,10,0.332080200501253,0.304511278195489,0.04
56,1,10,0.680868838763576,0.321219715956558,0.04
61,1,11,0.34375,0.75,0.04
62,1,11,0.75,0.305059523809524,0.04
67,1,13,0.502232142857143,0.65625,0.04
68,1,13,0.71875,0.296875,0.04
73,1,12,0.357142857142857,0.75,0.04
74,1,12,0.611607142857143,0.386160714285714,0.04
