,task_id,user_id,x,y,rad
12,1,6,0.4447445094153223,0.8109111723892266,0.04
13,1,6,0.5970995968787588,0.6690450812155782,0.04
14,1,7,0.03960986400852562,0.47126500786548886,0.04
15,1,7,0.37835411797882534,0.6331549228073545,0.04
16,1,8,0.21707037886954472,0.4401430336070228,0.04
17,1,8,0.42368379130018063,0.3916582854955736,0.04
18,1,9,0.6467533007105717,0.4002833745714145,0.04
19,1,9,0.8149119667381676,0.5375743239767979,0.04
